gender;race/ethnicity;parental level of education;lunch;test preparation course;pass
female;group B;bachelor's degree;standard;none;1
female;group C;some college;standard;completed;0
female;group B;master's degree;standard;none;1
male;group A;associate's degree;free/reduced;none;0
male;group C;some college;standard;none;1
female;group B;associate's degree;standard;none;1
female;group B;some college;standard;completed;1
male;group B;some college;free/reduced;none;0
male;group D;high school;free/reduced;completed;0
female;group B;high school;free/reduced;none;0
male;group C;associate's degree;standard;none;0
male;group D;associate's degree;standard;none;0
female;group B;high school;standard;none;0
male;group A;some college;standard;completed;1
female;group A;master's degree;standard;none;0
female;group C;some high school;standard;none;0
male;group C;high school;standard;none;1
female;group B;some high school;free/reduced;none;0
male;group C;master's degree;free/reduced;completed;0
female;group C;associate's degree;free/reduced;none;0
male;group D;high school;standard;none;0
female;group B;some college;free/reduced;completed;0
male;group D;some college;standard;none;0
female;group C;some high school;standard;none;0
male;group D;bachelor's degree;free/reduced;completed;1
male;group A;master's degree;free/reduced;none;1
male;group B;some college;standard;none;0
female;group C;bachelor's degree;standard;none;0
male;group C;high school;standard;none;1
female;group D;master's degree;standard;none;0
female;group D;some college;standard;none;0
female;group B;some college;standard;none;0
female;group E;master's degree;free/reduced;none;0
male;group D;some college;standard;none;0
male;group E;some college;standard;none;1
male;group E;associate's degree;standard;completed;1
female;group D;associate's degree;standard;none;1
female;group D;some high school;free/reduced;none;0
female;group D;associate's degree;free/reduced;completed;1
male;group B;associate's degree;free/reduced;none;0
male;group C;associate's degree;free/reduced;none;0
female;group C;associate's degree;standard;none;0
female;group B;associate's degree;standard;none;0
male;group B;some college;free/reduced;completed;0
female;group E;associate's degree;free/reduced;none;0
male;group B;associate's degree;standard;none;0
female;group A;associate's degree;standard;completed;0
female;group C;high school;standard;none;0
female;group D;associate's degree;free/reduced;completed;0
male;group C;high school;standard;completed;1
male;group E;some college;standard;none;0
male;group E;associate's degree;free/reduced;completed;1
male;group C;some college;standard;none;0
male;group D;high school;standard;none;1
female;group C;some high school;free/reduced;completed;1
female;group C;high school;free/reduced;none;0
female;group E;associate's degree;standard;completed;1
male;group D;associate's degree;standard;none;0
male;group D;some college;standard;completed;0
female;group C;some high school;free/reduced;none;0
male;group E;bachelor's degree;free/reduced;completed;1
male;group A;some high school;free/reduced;none;0
male;group A;associate's degree;free/reduced;none;0
female;group C;associate's degree;standard;none;0
female;group D;some high school;standard;none;0
male;group B;some high school;standard;none;0
male;group D;some high school;free/reduced;none;0
female;group C;some college;standard;none;0
male;group B;associate's degree;free/reduced;none;0
female;group C;associate's degree;standard;none;0
female;group D;some college;free/reduced;completed;0
male;group D;some college;standard;completed;0
female;group A;associate's degree;free/reduced;none;0
male;group C;some high school;free/reduced;none;0
male;group C;some high school;standard;none;0
male;group B;associate's degree;free/reduced;none;0
male;group E;some high school;standard;none;0
male;group A;bachelor's degree;standard;completed;1
female;group D;some high school;standard;completed;0
female;group E;master's degree;standard;none;0
female;group B;associate's degree;standard;none;0
male;group B;high school;free/reduced;none;0
male;group A;some college;free/reduced;completed;0
male;group E;associate's degree;standard;none;1
male;group D;high school;free/reduced;none;0
female;group C;some college;standard;none;1
female;group C;some college;free/reduced;none;1
female;group D;associate's degree;standard;none;1
female;group A;some college;standard;none;0
female;group D;some high school;standard;none;1
female;group C;bachelor's degree;standard;none;0
male;group C;high school;free/reduced;none;0
male;group C;high school;standard;none;1
male;group C;associate's degree;free/reduced;completed;0
female;group B;some college;standard;none;1
male;group C;associate's degree;free/reduced;completed;1
male;group B;some high school;standard;completed;0
female;group E;some college;standard;completed;0
female;group D;some college;free/reduced;none;0
female;group D;bachelor's degree;standard;none;0
male;group B;some college;standard;none;1
male;group D;bachelor's degree;standard;completed;0
female;group D;associate's degree;standard;none;1
male;group B;high school;standard;completed;0
male;group C;some college;standard;completed;1
female;group C;some college;standard;none;0
female;group D;master's degree;standard;none;1
male;group E;associate's degree;standard;completed;0
female;group B;associate's degree;free/reduced;none;0
female;group B;some high school;standard;none;1
female;group D;associate's degree;free/reduced;completed;1
male;group C;high school;standard;none;0
male;group A;associate's degree;standard;none;0
female;group D;some college;standard;none;0
female;group E;bachelor's degree;standard;completed;1
male;group C;high school;standard;none;1
female;group B;bachelor's degree;free/reduced;none;1
female;group D;bachelor's degree;standard;none;1
female;group D;some high school;standard;none;0
female;group C;some college;standard;none;0
female;group C;bachelor's degree;standard;completed;1
male;group B;associate's degree;standard;completed;1
female;group C;some college;standard;completed;1
male;group D;high school;free/reduced;none;0
male;group E;some college;standard;none;1
female;group B;high school;standard;none;1
male;group B;some high school;standard;none;1
male;group D;some college;standard;completed;0
male;group D;master's degree;standard;none;1
female;group A;bachelor's degree;standard;none;0
male;group D;master's degree;standard;none;1
male;group C;some high school;free/reduced;completed;0
male;group E;some college;free/reduced;completed;1
female;group C;some college;standard;completed;1
male;group D;bachelor's degree;free/reduced;completed;1
male;group C;bachelor's degree;standard;none;0
male;group B;some high school;standard;completed;0
male;group E;high school;standard;none;1
female;group C;associate's degree;standard;none;0
male;group D;some college;standard;completed;1
female;group D;some high school;standard;none;1
female;group C;some college;free/reduced;none;0
female;group E;some college;free/reduced;completed;0
male;group A;high school;standard;none;0
male;group D;some college;standard;none;1
female;group C;some college;free/reduced;none;0
male;group B;some high school;standard;none;1
male;group C;associate's degree;free/reduced;none;1
female;group D;bachelor's degree;standard;completed;0
male;group E;associate's degree;free/reduced;completed;1
male;group A;some high school;standard;completed;0
male;group A;bachelor's degree;standard;none;1
female;group B;associate's degree;standard;completed;0
male;group D;bachelor's degree;standard;none;0
male;group D;some high school;standard;none;0
female;group C;some college;standard;completed;1
female;group E;high school;free/reduced;completed;0
male;group B;some college;free/reduced;none;0
female;group B;associate's degree;standard;completed;0
male;group D;associate's degree;free/reduced;none;0
male;group B;associate's degree;free/reduced;completed;1
female;group E;some college;free/reduced;completed;1
male;group B;master's degree;free/reduced;none;0
male;group C;high school;standard;none;0
female;group E;master's degree;standard;none;1
female;group C;bachelor's degree;standard;completed;1
male;group C;high school;free/reduced;completed;0
female;group B;master's degree;free/reduced;completed;0
female;group B;high school;standard;completed;0
female;group C;some college;free/reduced;completed;0
male;group A;high school;standard;completed;1
male;group E;some high school;standard;none;1
female;group D;some college;standard;none;1
female;group C;associate's degree;standard;none;0
female;group C;bachelor's degree;free/reduced;completed;0
female;group C;master's degree;standard;completed;1
female;group B;high school;free/reduced;completed;0
female;group C;associate's degree;standard;completed;1
female;group B;master's degree;free/reduced;completed;0
female;group D;some high school;standard;completed;1
male;group C;master's degree;free/reduced;completed;0
female;group C;some college;free/reduced;none;0
female;group E;high school;standard;none;0
female;group D;associate's degree;standard;none;0
male;group C;some high school;free/reduced;completed;0
male;group C;associate's degree;free/reduced;completed;0
male;group E;high school;standard;none;1
male;group D;some high school;standard;completed;0
male;group B;some high school;free/reduced;none;0
female;group C;bachelor's degree;standard;none;1
female;group E;associate's degree;standard;none;0
male;group D;some college;standard;completed;1
female;group B;some high school;standard;none;0
male;group D;some college;standard;completed;1
female;group C;master's degree;standard;completed;0
male;group D;associate's degree;standard;none;0
male;group C;some high school;free/reduced;completed;0
male;group E;high school;free/reduced;none;0
female;group B;some college;free/reduced;none;0
female;group B;bachelor's degree;free/reduced;none;1
female;group C;associate's degree;standard;completed;0
female;group D;some college;free/reduced;none;0
male;group C;associate's degree;standard;none;0
female;group B;associate's degree;standard;none;0
male;group C;some college;standard;none;0
male;group D;some high school;standard;completed;1
male;group E;bachelor's degree;standard;none;1
male;group E;high school;standard;completed;1
female;group B;some college;free/reduced;none;1
female;group B;some college;free/reduced;none;0
male;group D;some high school;free/reduced;completed;1
male;group C;some college;free/reduced;none;0
female;group C;high school;free/reduced;none;0
male;group C;associate's degree;free/reduced;completed;0
male;group E;high school;standard;completed;1
male;group B;some high school;standard;completed;1
female;group E;associate's degree;free/reduced;completed;1
female;group C;high school;free/reduced;none;0
male;group B;high school;free/reduced;none;0
male;group B;some high school;standard;completed;0
female;group D;high school;standard;completed;0
male;group B;associate's degree;standard;none;1
female;group C;some high school;free/reduced;none;0
male;group D;some high school;standard;none;1
female;group B;associate's degree;standard;completed;0
female;group E;master's degree;free/reduced;none;0
female;group C;some college;standard;none;1
male;group D;high school;standard;none;0
male;group A;some high school;free/reduced;none;0
female;group C;some college;standard;completed;1
male;group D;some college;standard;none;1
male;group C;associate's degree;standard;none;0
female;group B;bachelor's degree;standard;none;0
male;group E;some high school;standard;none;1
male;group C;bachelor's degree;standard;completed;1
male;group D;associate's degree;standard;none;1
male;group D;bachelor's degree;free/reduced;none;0
female;group D;some high school;standard;completed;0
male;group B;some college;standard;none;0
male;group C;associate's degree;standard;none;1
male;group D;high school;free/reduced;completed;1
female;group E;bachelor's degree;standard;none;1
female;group D;high school;standard;none;0
male;group E;some college;standard;none;0
male;group D;some high school;standard;none;1
male;group C;associate's degree;standard;none;1
male;group E;associate's degree;standard;none;1
female;group B;high school;standard;completed;0
female;group B;high school;standard;none;0
male;group C;high school;standard;none;0
male;group A;some high school;standard;completed;0
female;group D;some college;free/reduced;none;1
female;group B;some high school;standard;completed;0
male;group D;master's degree;standard;none;1
male;group D;high school;standard;none;0
female;group E;some college;standard;none;0
female;group C;associate's degree;free/reduced;none;0
male;group C;associate's degree;standard;completed;1
female;group B;some college;standard;none;1
female;group C;master's degree;free/reduced;completed;0
female;group C;some high school;free/reduced;completed;0
male;group C;some college;standard;completed;1
female;group C;some high school;free/reduced;none;0
female;group E;high school;standard;none;1
male;group D;high school;standard;none;1
male;group D;some high school;free/reduced;none;0
female;group C;bachelor's degree;standard;none;0
female;group D;high school;standard;none;0
female;group D;associate's degree;standard;completed;1
female;group E;some college;free/reduced;none;1
male;group C;bachelor's degree;standard;none;0
male;group C;some college;standard;none;0
female;group D;associate's degree;free/reduced;none;0
female;group D;some college;standard;none;0
male;group B;some college;standard;completed;1
male;group C;bachelor's degree;standard;none;1
female;group C;some high school;standard;completed;1
female;group E;high school;standard;completed;0
female;group C;some high school;free/reduced;none;0
male;group B;bachelor's degree;free/reduced;none;1
male;group D;high school;standard;none;0
male;group D;high school;standard;none;0
female;group D;bachelor's degree;free/reduced;none;1
female;group D;some college;free/reduced;completed;1
female;group B;some high school;standard;none;0
male;group B;associate's degree;standard;completed;1
male;group E;associate's degree;standard;completed;1
female;group B;some high school;standard;none;0
male;group B;bachelor's degree;free/reduced;none;1
male;group E;some high school;standard;completed;1
male;group C;associate's degree;standard;none;1
male;group D;some high school;standard;none;1
male;group C;some high school;standard;completed;0
female;group E;bachelor's degree;standard;none;0
male;group D;high school;free/reduced;completed;1
male;group B;associate's degree;free/reduced;none;0
male;group A;some high school;standard;completed;0
male;group E;associate's degree;standard;completed;1
male;group C;high school;free/reduced;completed;0
male;group D;associate's degree;free/reduced;none;1
male;group A;some college;free/reduced;completed;1
male;group D;some high school;free/reduced;none;0
female;group C;associate's degree;standard;completed;0
male;group B;associate's degree;standard;none;1
female;group C;associate's degree;standard;completed;1
male;group A;some college;standard;none;0
male;group E;some college;standard;completed;1
male;group C;some high school;standard;none;0
female;group B;associate's degree;free/reduced;none;0
female;group D;high school;free/reduced;none;0
female;group B;associate's degree;standard;none;1
male;group B;bachelor's degree;standard;none;0
male;group D;bachelor's degree;standard;completed;0
female;group C;associate's degree;free/reduced;completed;0
female;group C;bachelor's degree;standard;completed;0
male;group C;high school;standard;none;1
female;group D;master's degree;standard;completed;1
male;group C;associate's degree;standard;none;1
male;group B;bachelor's degree;standard;none;0
female;group D;associate's degree;free/reduced;none;0
female;group C;high school;free/reduced;completed;0
female;group E;high school;standard;none;1
female;group C;some college;standard;none;1
female;group C;some high school;free/reduced;none;0
female;group C;high school;free/reduced;none;0
female;group C;some college;standard;none;1
male;group C;some college;standard;none;0
male;group A;some college;free/reduced;none;0
male;group C;associate's degree;standard;completed;1
female;group B;some high school;standard;none;0
male;group C;high school;standard;none;1
male;group C;associate's degree;standard;none;0
male;group E;associate's degree;standard;completed;0
male;group B;associate's degree;standard;none;1
female;group C;bachelor's degree;standard;none;1
female;group B;some college;free/reduced;none;0
male;group D;some high school;standard;completed;1
male;group C;associate's degree;standard;none;0
female;group B;some high school;free/reduced;none;0
female;group D;some high school;free/reduced;completed;0
male;group C;high school;free/reduced;none;0
female;group C;high school;standard;none;0
female;group B;high school;standard;completed;0
male;group D;associate's degree;standard;completed;0
male;group D;some college;standard;none;1
female;group C;high school;standard;none;1
male;group B;some college;standard;none;0
female;group C;bachelor's degree;standard;completed;1
male;group D;high school;free/reduced;none;1
male;group E;associate's degree;standard;none;1
female;group B;bachelor's degree;standard;none;0
male;group E;some college;standard;none;0
female;group C;some college;standard;completed;0
female;group C;associate's degree;standard;none;0
female;group C;some college;standard;none;0
female;group B;bachelor's degree;standard;none;0
male;group A;associate's degree;standard;none;0
female;group C;some college;free/reduced;completed;0
male;group D;some college;free/reduced;none;0
female;group D;some college;standard;none;1
female;group B;high school;standard;none;0
male;group B;some high school;standard;completed;1
female;group C;some college;standard;none;0
female;group D;some high school;free/reduced;none;0
male;group C;some college;standard;none;0
male;group A;bachelor's degree;free/reduced;completed;0
male;group C;high school;standard;completed;0
male;group C;bachelor's degree;free/reduced;none;0
female;group A;some high school;free/reduced;none;0
female;group D;some high school;standard;none;1
male;group E;some college;standard;none;1
female;group C;some college;free/reduced;completed;0
male;group D;some high school;standard;none;1
female;group D;some college;standard;completed;1
female;group D;bachelor's degree;standard;none;0
male;group E;associate's degree;free/reduced;none;0
female;group D;some high school;standard;none;1
female;group D;master's degree;free/reduced;completed;1
female;group A;some high school;standard;none;1
male;group A;bachelor's degree;standard;none;0
female;group B;associate's degree;standard;none;1
male;group C;associate's degree;standard;completed;1
male;group C;master's degree;free/reduced;none;1
female;group E;some high school;free/reduced;none;0
female;group A;some high school;free/reduced;none;0
female;group E;some college;standard;none;0
female;group E;bachelor's degree;standard;none;0
female;group C;associate's degree;free/reduced;none;0
female;group D;high school;standard;none;0
male;group D;master's degree;standard;none;1
male;group E;some high school;free/reduced;completed;1
female;group D;some college;standard;none;1
male;group E;some college;standard;none;1
male;group C;associate's degree;standard;completed;0
female;group C;some high school;standard;completed;0
male;group A;high school;free/reduced;none;0
female;group B;high school;free/reduced;none;0
female;group C;associate's degree;standard;none;1
male;group B;some high school;standard;none;1
male;group D;some high school;standard;none;0
female;group C;some high school;standard;completed;0
male;group A;some college;standard;none;0
female;group A;some college;free/reduced;none;0
female;group D;high school;standard;completed;1
female;group C;high school;standard;none;0
female;group C;some high school;standard;none;0
male;group B;associate's degree;standard;completed;0
female;group B;associate's degree;standard;none;1
female;group D;high school;free/reduced;completed;0
male;group D;associate's degree;standard;completed;1
female;group D;master's degree;standard;completed;1
male;group E;some college;standard;completed;1
male;group D;associate's degree;standard;none;1
male;group B;some high school;standard;completed;0
female;group C;bachelor's degree;free/reduced;completed;0
male;group E;high school;standard;none;1
male;group C;bachelor's degree;standard;completed;1
male;group C;associate's degree;standard;none;1
male;group D;some college;standard;none;0
male;group E;high school;free/reduced;completed;0
female;group C;associate's degree;free/reduced;completed;1
female;group D;high school;standard;completed;0
female;group D;master's degree;free/reduced;completed;0
female;group A;some high school;standard;completed;0
male;group B;some college;free/reduced;none;0
female;group C;some college;free/reduced;none;0
male;group C;bachelor's degree;standard;none;1
male;group C;some high school;free/reduced;none;0
male;group A;some high school;free/reduced;none;0
male;group C;some high school;free/reduced;none;0
male;group C;associate's degree;free/reduced;none;0
female;group C;high school;standard;none;0
male;group C;high school;standard;none;0
female;group A;some high school;free/reduced;none;0
male;group C;some high school;standard;none;1
male;group C;some college;free/reduced;completed;0
male;group D;associate's degree;standard;none;1
male;group D;associate's degree;free/reduced;none;1
male;group C;high school;standard;none;1
male;group D;some high school;standard;completed;1
female;group C;some college;standard;completed;0
female;group D;high school;standard;none;1
female;group A;some high school;free/reduced;none;0
female;group B;associate's degree;standard;none;1
male;group A;some high school;free/reduced;none;1
female;group C;some high school;standard;completed;0
male;group D;some college;free/reduced;none;0
male;group C;high school;standard;completed;1
male;group B;high school;standard;none;0
male;group B;associate's degree;standard;none;1
female;group C;some college;free/reduced;completed;0
female;group E;some college;standard;none;1
female;group C;associate's degree;free/reduced;none;0
male;group C;some college;free/reduced;none;0
female;group C;associate's degree;free/reduced;none;0
male;group C;bachelor's degree;free/reduced;none;0
female;group D;bachelor's degree;standard;none;1
male;group D;associate's degree;free/reduced;none;0
female;group E;bachelor's degree;standard;none;1
male;group B;high school;standard;completed;1
male;group C;bachelor's degree;free/reduced;none;0
male;group B;some college;free/reduced;none;0
female;group E;some college;standard;none;1
female;group C;some college;free/reduced;none;1
male;group A;bachelor's degree;standard;completed;1
female;group C;some college;standard;none;1
female;group D;associate's degree;free/reduced;none;0
male;group A;high school;free/reduced;completed;1
female;group A;high school;free/reduced;completed;1
male;group C;some college;standard;none;1
female;group C;associate's degree;standard;completed;1
female;group C;high school;standard;none;0
female;group C;associate's degree;standard;completed;0
female;group D;some high school;standard;none;0
female;group B;associate's degree;standard;completed;1
female;group D;bachelor's degree;standard;completed;1
male;group E;bachelor's degree;standard;completed;1
male;group D;associate's degree;standard;none;1
female;group D;master's degree;standard;none;0
male;group E;associate's degree;standard;none;1
male;group B;high school;standard;completed;1
female;group D;associate's degree;free/reduced;none;0
male;group C;some college;free/reduced;none;0
male;group A;high school;standard;none;0
female;group B;associate's degree;standard;none;0
male;group C;high school;standard;none;1
male;group D;some college;free/reduced;none;0
female;group C;associate's degree;free/reduced;none;0
male;group B;some high school;standard;completed;0
male;group A;associate's degree;free/reduced;completed;1
female;group A;associate's degree;free/reduced;none;0
female;group C;associate's degree;standard;none;0
female;group C;some college;standard;none;1
female;group C;bachelor's degree;standard;none;1
female;group B;high school;standard;none;0
male;group D;high school;standard;completed;0
female;group C;some college;standard;none;0
female;group D;some college;free/reduced;completed;0
female;group B;some high school;standard;none;0
male;group E;some college;standard;none;1
female;group D;master's degree;standard;none;1
female;group B;associate's degree;standard;completed;1
male;group C;some college;free/reduced;none;0
female;group E;associate's degree;standard;completed;1
female;group D;master's degree;free/reduced;none;0
female;group B;some high school;standard;none;1
male;group A;high school;standard;none;0
male;group B;bachelor's degree;free/reduced;none;0
male;group C;master's degree;standard;none;1
female;group C;bachelor's degree;standard;none;1
male;group D;some college;standard;none;1
male;group A;some high school;standard;none;0
male;group D;some high school;free/reduced;none;0
female;group B;some high school;standard;completed;0
female;group B;master's degree;free/reduced;completed;1
female;group C;some high school;standard;completed;1
female;group D;some college;standard;none;1
female;group E;some college;standard;completed;0
female;group D;some high school;standard;completed;0
female;group B;high school;free/reduced;completed;0
male;group D;some college;standard;none;1
female;group C;associate's degree;standard;none;1
male;group D;bachelor's degree;standard;none;0
male;group C;master's degree;free/reduced;none;0
male;group C;high school;standard;completed;0
male;group E;some college;standard;none;0
male;group C;some high school;free/reduced;completed;0
female;group C;high school;free/reduced;none;0
female;group D;bachelor's degree;free/reduced;none;0
female;group C;associate's degree;standard;none;0
female;group C;associate's degree;standard;completed;0
female;group C;some high school;standard;none;0
male;group E;associate's degree;standard;completed;0
female;group E;associate's degree;standard;completed;1
male;group B;high school;standard;completed;1
female;group C;bachelor's degree;free/reduced;completed;0
male;group C;associate's degree;standard;completed;0
female;group D;high school;standard;none;0
male;group E;bachelor's degree;standard;completed;1
male;group A;associate's degree;standard;completed;1
male;group C;high school;standard;completed;1
male;group D;associate's degree;free/reduced;completed;1
female;group C;associate's degree;standard;none;1
female;group D;associate's degree;standard;none;1
female;group D;master's degree;standard;none;0
male;group E;some high school;free/reduced;completed;1
female;group A;some high school;standard;completed;1
male;group C;high school;standard;completed;1
female;group C;high school;free/reduced;none;0
male;group C;master's degree;standard;none;1
male;group C;some high school;free/reduced;none;1
male;group B;bachelor's degree;free/reduced;completed;1
female;group B;associate's degree;standard;none;0
male;group D;some college;free/reduced;none;1
male;group E;associate's degree;standard;none;0
female;group C;some college;free/reduced;none;0
female;group C;associate's degree;standard;completed;0
male;group C;master's degree;free/reduced;none;0
female;group B;associate's degree;free/reduced;none;0
male;group D;some high school;standard;none;1
female;group D;some college;standard;completed;1
female;group C;some college;standard;none;0
male;group C;bachelor's degree;standard;completed;1
female;group D;some college;free/reduced;completed;0
male;group B;bachelor's degree;free/reduced;none;0
male;group B;associate's degree;standard;none;0
female;group E;bachelor's degree;free/reduced;completed;1
female;group D;master's degree;free/reduced;completed;0
male;group B;high school;free/reduced;none;0
male;group D;bachelor's degree;free/reduced;none;0
male;group B;some college;standard;completed;1
male;group A;bachelor's degree;standard;none;1
female;group C;some college;standard;none;0
female;group C;high school;free/reduced;completed;0
female;group E;high school;standard;none;1
male;group A;associate's degree;free/reduced;completed;0
male;group A;some college;standard;completed;0
female;group B;high school;standard;none;1
female;group B;some college;free/reduced;completed;0
female;group D;master's degree;standard;none;0
female;group D;some high school;standard;none;1
female;group E;some high school;standard;none;1
female;group D;bachelor's degree;free/reduced;none;0
female;group D;associate's degree;standard;completed;1
female;group D;some college;standard;none;0
female;group C;associate's degree;standard;none;0
female;group A;high school;standard;none;0
female;group C;bachelor's degree;free/reduced;none;0
female;group C;some college;standard;none;0
female;group A;some high school;standard;none;0
male;group C;some college;free/reduced;none;0
male;group A;some high school;standard;none;1
male;group E;bachelor's degree;standard;none;0
female;group E;high school;standard;none;1
female;group C;bachelor's degree;standard;completed;1
female;group C;bachelor's degree;standard;completed;0
male;group B;high school;free/reduced;none;0
male;group A;some high school;standard;none;0
female;group D;high school;standard;none;0
female;group D;some high school;standard;none;0
female;group D;master's degree;standard;none;0
female;group C;high school;standard;none;0
female;group E;some college;standard;none;1
male;group D;high school;free/reduced;none;0
male;group D;master's degree;free/reduced;completed;1
male;group C;some high school;standard;none;1
female;group C;associate's degree;standard;none;1
female;group C;master's degree;free/reduced;none;0
female;group E;some college;standard;none;0
female;group B;associate's degree;standard;none;0
male;group D;some college;free/reduced;completed;0
female;group C;some college;standard;none;0
male;group C;bachelor's degree;standard;completed;1
female;group C;associate's degree;standard;none;0
female;group A;associate's degree;standard;none;1
female;group C;high school;standard;none;0
female;group E;bachelor's degree;standard;none;0
male;group D;bachelor's degree;standard;none;1
male;group D;master's degree;standard;none;1
male;group C;associate's degree;free/reduced;completed;0
female;group C;high school;free/reduced;none;0
male;group B;bachelor's degree;free/reduced;none;0
male;group C;high school;free/reduced;completed;0
male;group A;some college;standard;completed;1
female;group E;bachelor's degree;free/reduced;none;0
male;group D;some college;standard;completed;1
male;group B;associate's degree;free/reduced;completed;0
male;group D;associate's degree;standard;none;0
male;group D;some college;free/reduced;none;0
female;group C;some high school;standard;completed;0
male;group D;some college;standard;none;0
male;group B;high school;standard;none;1
female;group B;bachelor's degree;standard;completed;0
female;group C;high school;standard;none;1
male;group D;some high school;standard;none;1
male;group A;high school;standard;none;1
female;group B;high school;free/reduced;completed;0
female;group D;some high school;standard;completed;1
male;group E;some college;standard;none;1
female;group D;associate's degree;standard;none;1
male;group D;high school;standard;none;0
female;group D;associate's degree;free/reduced;completed;1
female;group B;some high school;free/reduced;none;1
female;group E;high school;standard;completed;1
male;group B;high school;standard;none;1
female;group B;bachelor's degree;standard;completed;0
female;group D;associate's degree;standard;none;0
female;group E;high school;free/reduced;none;0
female;group B;high school;standard;none;0
female;group D;some college;standard;completed;0
male;group C;some high school;free/reduced;completed;0
female;group A;high school;standard;completed;0
female;group D;some college;standard;completed;1
female;group A;associate's degree;standard;completed;0
female;group B;some high school;standard;none;1
female;group B;some college;standard;none;0
male;group C;associate's degree;free/reduced;none;1
male;group D;some high school;standard;none;0
female;group D;associate's degree;free/reduced;none;0
male;group D;associate's degree;standard;none;1
male;group C;some college;free/reduced;none;1
male;group C;some high school;standard;none;1
female;group D;some college;free/reduced;none;0
female;group C;high school;standard;none;0
male;group D;associate's degree;standard;none;1
female;group C;some high school;free/reduced;completed;0
female;group C;some college;free/reduced;completed;0
female;group B;bachelor's degree;free/reduced;none;1
male;group C;some college;standard;none;1
male;group D;associate's degree;standard;completed;1
female;group C;high school;free/reduced;none;0
male;group D;associate's degree;free/reduced;none;0
female;group C;some college;standard;none;0
female;group C;associate's degree;standard;completed;0
female;group D;high school;standard;completed;0
female;group B;some college;standard;completed;0
female;group E;some college;standard;completed;1
female;group C;some high school;standard;completed;1
male;group D;associate's degree;free/reduced;none;1
male;group D;some college;free/reduced;none;0
female;group D;high school;standard;none;0
male;group B;high school;standard;none;0
male;group B;high school;standard;none;0
female;group C;some high school;free/reduced;completed;0
male;group B;some college;standard;completed;0
female;group E;master's degree;standard;completed;1
male;group E;some college;standard;completed;1
male;group D;associate's degree;free/reduced;none;1
male;group A;high school;free/reduced;none;0
male;group E;some college;free/reduced;none;1
female;group C;associate's degree;standard;none;0
female;group E;associate's degree;free/reduced;none;1
female;group C;bachelor's degree;free/reduced;completed;0
female;group D;associate's degree;standard;none;1
female;group C;some high school;standard;none;0
female;group D;some college;free/reduced;none;1
female;group C;associate's degree;standard;completed;1
female;group A;bachelor's degree;standard;none;0
female;group D;associate's degree;standard;completed;0
male;group C;high school;free/reduced;none;0
female;group E;bachelor's degree;standard;completed;1
female;group B;some high school;standard;none;0
male;group A;bachelor's degree;standard;completed;1
female;group D;some college;standard;none;0
female;group B;some high school;free/reduced;completed;0
male;group A;bachelor's degree;free/reduced;none;0
male;group D;high school;standard;none;0
male;group C;some college;standard;none;0
male;group D;high school;standard;none;1
female;group D;associate's degree;free/reduced;completed;0
male;group C;some college;standard;completed;1
female;group E;some high school;standard;completed;1
female;group D;some college;standard;none;1
male;group D;master's degree;standard;none;1
female;group B;some high school;standard;completed;0
female;group B;associate's degree;free/reduced;completed;1
male;group C;associate's degree;standard;completed;1
female;group C;associate's degree;standard;completed;1
female;group C;high school;standard;none;1
male;group E;associate's degree;free/reduced;completed;1
female;group C;some college;free/reduced;none;0
male;group D;some high school;free/reduced;completed;0
female;group B;some high school;free/reduced;completed;1
male;group C;high school;standard;none;0
male;group B;some college;standard;none;0
male;group E;some college;standard;completed;1
female;group E;associate's degree;standard;completed;0
male;group E;some high school;standard;completed;0
female;group D;high school;free/reduced;none;1
male;group C;some college;standard;none;0
female;group B;associate's degree;free/reduced;completed;0
male;group A;some high school;free/reduced;none;0
female;group C;some college;standard;completed;1
male;group D;some high school;standard;none;0
female;group E;some college;free/reduced;none;0
male;group C;master's degree;standard;none;0
male;group C;associate's degree;standard;none;1
female;group B;some college;free/reduced;completed;0
male;group D;associate's degree;standard;none;1
male;group C;high school;free/reduced;none;0
male;group D;bachelor's degree;standard;none;1
female;group A;associate's degree;free/reduced;none;0
female;group C;high school;standard;none;1
female;group C;associate's degree;standard;completed;0
male;group B;some college;free/reduced;none;0
male;group D;associate's degree;standard;none;1
male;group D;high school;standard;none;0
male;group C;some college;standard;none;0
female;group C;bachelor's degree;free/reduced;none;0
male;group B;some college;standard;completed;1
male;group D;some high school;standard;completed;1
male;group E;some college;standard;none;0
male;group C;master's degree;free/reduced;completed;1
female;group C;some high school;standard;completed;1
male;group C;associate's degree;free/reduced;none;0
female;group E;associate's degree;standard;none;1
male;group D;some college;standard;none;0
male;group E;bachelor's degree;free/reduced;completed;1
female;group D;some college;free/reduced;completed;0
male;group B;some college;standard;completed;0
female;group C;high school;free/reduced;none;0
female;group D;some high school;standard;none;0
male;group D;some high school;standard;completed;1
female;group B;high school;standard;none;0
male;group D;some college;standard;none;0
female;group B;high school;standard;none;1
female;group C;high school;standard;completed;0
male;group B;high school;standard;completed;1
female;group D;some high school;standard;none;0
male;group A;some college;free/reduced;none;0
male;group B;high school;standard;none;0
male;group D;bachelor's degree;standard;none;1
female;group B;some high school;free/reduced;completed;0
female;group C;bachelor's degree;free/reduced;none;0
male;group B;some college;standard;none;0
female;group B;some high school;free/reduced;none;0
female;group B;high school;standard;none;0
female;group C;some college;free/reduced;none;0
female;group A;some college;standard;completed;1
male;group E;associate's degree;standard;completed;1
female;group D;associate's degree;free/reduced;none;0
female;group B;master's degree;standard;none;1
female;group B;high school;free/reduced;completed;1
female;group C;associate's degree;standard;completed;0
male;group C;bachelor's degree;standard;completed;1
female;group B;some high school;standard;completed;0
female;group E;some high school;free/reduced;none;1
female;group B;some college;standard;none;0
male;group C;associate's degree;free/reduced;none;0
female;group C;master's degree;free/reduced;none;0
female;group B;high school;standard;none;0
female;group D;some college;free/reduced;none;0
male;group D;high school;free/reduced;none;0
male;group E;some high school;standard;completed;1
female;group B;high school;standard;none;0
female;group E;associate's degree;free/reduced;completed;0
male;group D;high school;standard;none;1
female;group E;associate's degree;free/reduced;none;1
male;group E;some college;standard;none;0
female;group C;associate's degree;standard;none;0
male;group C;some high school;standard;completed;0
male;group C;some high school;standard;completed;1
female;group E;associate's degree;standard;none;1
female;group B;some college;standard;none;1
female;group C;some college;standard;none;1
male;group A;some college;free/reduced;none;1
female;group D;some college;free/reduced;none;0
female;group E;high school;free/reduced;none;0
male;group C;high school;standard;none;1
male;group B;bachelor's degree;standard;none;0
male;group A;some high school;standard;none;0
male;group A;high school;free/reduced;none;0
female;group C;master's degree;standard;completed;0
male;group E;some high school;standard;completed;1
female;group C;high school;standard;none;1
male;group B;some high school;standard;completed;1
female;group A;bachelor's degree;standard;none;0
male;group D;bachelor's degree;free/reduced;completed;0
female;group B;high school;free/reduced;none;0
female;group C;some high school;standard;none;1
female;group A;some high school;standard;completed;1
female;group D;bachelor's degree;free/reduced;none;1
male;group E;some college;free/reduced;completed;0
female;group B;high school;free/reduced;none;1
female;group C;some high school;free/reduced;none;0
male;group C;high school;standard;none;0
female;group C;associate's degree;free/reduced;completed;0
female;group C;some high school;standard;none;0
female;group D;some high school;free/reduced;completed;0
male;group B;some high school;standard;none;0
female;group A;some college;free/reduced;none;0
female;group C;bachelor's degree;free/reduced;completed;1
male;group A;bachelor's degree;standard;none;0
female;group B;high school;standard;completed;1
male;group B;some college;standard;none;0
female;group C;high school;standard;completed;0
male;group E;high school;standard;none;1
female;group A;high school;standard;completed;1
male;group B;associate's degree;free/reduced;completed;0
female;group C;associate's degree;standard;none;0
female;group D;high school;free/reduced;none;0
male;group C;some high school;standard;none;0
female;group B;high school;free/reduced;completed;0
male;group B;some college;free/reduced;completed;1
female;group D;some high school;free/reduced;completed;0
male;group E;master's degree;standard;none;1
male;group C;master's degree;standard;completed;1
male;group D;high school;standard;none;0
female;group C;high school;standard;none;0
male;group D;associate's degree;standard;none;1
male;group C;master's degree;standard;none;1
female;group A;high school;standard;none;0
female;group E;some college;standard;none;1
male;group E;some high school;standard;none;1
male;group C;some high school;standard;none;0
female;group B;bachelor's degree;standard;none;1
male;group B;some college;free/reduced;none;1
female;group C;bachelor's degree;standard;none;0
male;group B;high school;standard;completed;0
male;group C;associate's degree;free/reduced;none;1
female;group C;associate's degree;standard;none;0
female;group E;master's degree;free/reduced;none;1
male;group D;bachelor's degree;free/reduced;completed;0
female;group C;some college;standard;completed;1
male;group C;associate's degree;standard;none;1
male;group D;some college;standard;completed;1
male;group C;high school;free/reduced;none;0
male;group B;associate's degree;standard;none;0
male;group E;associate's degree;free/reduced;completed;1
male;group C;associate's degree;free/reduced;none;0
male;group B;high school;standard;none;0
female;group C;some college;standard;completed;1
male;group B;associate's degree;standard;completed;1
male;group E;associate's degree;free/reduced;none;1
female;group C;bachelor's degree;free/reduced;none;0
male;group C;some college;free/reduced;none;1
male;group D;some college;standard;none;1
male;group C;some high school;standard;none;0
female;group D;some high school;standard;none;0
female;group D;associate's degree;standard;none;0
male;group C;bachelor's degree;standard;completed;0
female;group E;bachelor's degree;standard;completed;1
female;group B;high school;free/reduced;none;0
male;group D;bachelor's degree;free/reduced;none;0
female;group E;associate's degree;standard;none;0
female;group C;associate's degree;standard;completed;0
female;group E;associate's degree;standard;completed;1
male;group C;high school;free/reduced;none;0
female;group D;some college;free/reduced;none;0
male;group D;high school;free/reduced;none;0
female;group E;some college;standard;completed;1
female;group E;associate's degree;standard;none;1
female;group A;master's degree;free/reduced;none;0
male;group D;some high school;standard;completed;1
female;group E;associate's degree;standard;none;0
female;group E;some high school;free/reduced;none;0
male;group B;high school;free/reduced;none;0
female;group B;some high school;free/reduced;completed;0
male;group D;associate's degree;standard;completed;0
female;group D;some high school;standard;completed;0
male;group D;master's degree;standard;none;1
female;group C;master's degree;standard;none;1
female;group A;high school;free/reduced;completed;0
female;group D;bachelor's degree;free/reduced;completed;1
female;group D;some high school;free/reduced;none;0
male;group D;some college;standard;none;1
male;group B;high school;standard;none;0
female;group D;some college;standard;completed;1
female;group C;bachelor's degree;free/reduced;none;0
male;group E;bachelor's degree;standard;completed;1
male;group D;bachelor's degree;free/reduced;none;0
female;group A;some college;standard;none;0
female;group C;bachelor's degree;standard;completed;0
female;group C;bachelor's degree;free/reduced;completed;0
female;group B;associate's degree;free/reduced;none;0
female;group E;some college;standard;none;0
male;group E;bachelor's degree;standard;completed;1
female;group C;high school;standard;none;0
female;group C;associate's degree;standard;completed;0
male;group B;some college;standard;completed;1
male;group D;high school;free/reduced;none;0
female;group C;high school;free/reduced;none;0
male;group D;high school;standard;none;1
female;group B;associate's degree;free/reduced;none;0
male;group D;high school;free/reduced;none;1
male;group E;some high school;standard;completed;1
male;group E;associate's degree;free/reduced;none;0
female;group D;high school;free/reduced;completed;0
male;group E;associate's degree;free/reduced;completed;0
female;group C;some high school;free/reduced;none;0
male;group C;some college;free/reduced;completed;0
male;group D;some college;free/reduced;none;0
male;group D;associate's degree;free/reduced;completed;0
male;group C;bachelor's degree;free/reduced;completed;1
male;group C;associate's degree;standard;completed;1
male;group D;some college;free/reduced;none;1
male;group A;associate's degree;standard;none;0
female;group E;high school;free/reduced;none;0
male;group D;some college;standard;completed;1
male;group D;some high school;standard;completed;1
male;group C;master's degree;free/reduced;completed;1
female;group D;master's degree;standard;none;1
male;group C;high school;standard;none;1
male;group A;some high school;free/reduced;completed;0
female;group B;high school;standard;none;0
female;group C;associate's degree;standard;none;0
male;group B;high school;standard;none;1
female;group D;some college;free/reduced;none;0
male;group B;some high school;free/reduced;completed;0
female;group E;high school;free/reduced;completed;0
male;group E;high school;standard;none;1
female;group D;some college;standard;completed;1
female;group E;some high school;free/reduced;none;1
male;group C;high school;standard;completed;0
female;group C;some college;standard;none;0
male;group E;associate's degree;standard;none;1
male;group C;some college;standard;none;1
female;group D;master's degree;standard;none;1
female;group D;high school;standard;none;0
male;group C;high school;standard;none;1
female;group A;some college;standard;none;0
female;group D;some high school;free/reduced;none;0
female;group E;associate's degree;standard;none;1
female;group C;some high school;free/reduced;completed;0
male;group D;some college;standard;none;1
female;group D;some college;standard;none;0
male;group A;some high school;standard;completed;0
male;group C;some college;standard;none;0
female;group E;associate's degree;standard;none;0
female;group B;bachelor's degree;standard;none;1
female;group D;bachelor's degree;standard;none;1
male;group C;some high school;standard;completed;1
female;group A;high school;free/reduced;completed;0
female;group D;some college;free/reduced;none;0
female;group A;some college;standard;none;0
female;group C;some college;standard;completed;0
male;group B;some college;free/reduced;completed;0
male;group C;associate's degree;standard;none;0
male;group D;high school;standard;completed;0
female;group C;associate's degree;standard;none;1
female;group B;high school;free/reduced;none;0
male;group D;some high school;standard;none;1
male;group B;some high school;standard;completed;1
female;group A;some college;standard;completed;1
female;group C;some high school;standard;none;1
male;group A;high school;standard;none;0
female;group C;associate's degree;standard;none;0
male;group E;some high school;standard;completed;1
female;group A;some high school;free/reduced;none;0
female;group D;some college;free/reduced;completed;0
male;group E;high school;free/reduced;completed;1
female;group B;some high school;standard;completed;0
female;group D;associate's degree;free/reduced;none;0
female;group D;bachelor's degree;free/reduced;none;0
male;group A;high school;standard;none;0
female;group E;master's degree;standard;completed;1
male;group C;high school;free/reduced;none;0
female;group C;high school;free/reduced;completed;0
female;group D;some college;standard;completed;0
female;group D;some college;free/reduced;none;1